,ethnicity,total,crime,nocrime,percentage_crime,percentage_nocrime
0,White,5215,1559,3656,0.29894534995206135,0.7010546500479387
1,Not stated,4324,1148,3496,0.26549491211840887,0.8085106382978723
2,Black,4067,828,2919,0.2035898696828129,0.7177280550774526
3,Asian,2023,586,1437,0.28966880869995054,0.7103311913000494
4,Mixed,580,197,383,0.3396551724137931,0.6603448275862069
5,Other,476,144,332,0.3025210084033613,0.6974789915966386
