,gender,total,crime,nocrime,percentage_crime,percentage_nocrime
0,Male,15182,4048,11134,0.2666315373468581,0.7333684626531419
1,Female,1285,332,953,0.25836575875486384,0.7416342412451362
2,Not stated,213,82,131,0.38497652582159625,0.6150234741784038
3,Other,5,0,5,0.0,1.0
